{
    "loss": 2.6083290576934814,
    "accuracy": 0.7232047319412231
}