{
    "loss": 2.6083290576934814,
    "accuracy": 0.8736367235252
}